(((((((((((((string(truc.width) + ';') + string(truc.height)) + ';') + string(truc.activated_at)) + ';') + string(truc.speed)) + ';') + string(truc.tiv)) + ';') + truc.location.x) + ':') + truc.location.y) + ':') + truc.location.z
2.0,5.0,21.003064149854566,17.0,21.003064149854566,4652.572627816505:2453.786642591314:0.0
2.0,5.0,47.5221851347612,18.0,26.519120984906632,4652.572627816505:2453.786642591314:0.0
2.0,5.0,51.30970035808224,14.0,7.007312940429639,4652.572627816505:2453.786642591314:0.0
2.0,5.0,59.091907873399684,20.0,7.782207515317444,4652.572627816505:2453.786642591314:0.0
3.0,7.0,65.02415091690428,18.0,5.932243043504598,4652.572627816505:2453.786642591314:0.0
3.0,7.0,72.9215827878588,16.0,7.8974318709545175,4652.572627816505:2453.786642591314:0.0
3.0,7.0,96.93099627728355,19.0,23.912888301819347,4652.572627816505:2453.786642591314:0.0
